[
  {
    "id": "81b8ea95-a830-4f53-bddc-bf8f1dbb044e",
    "data": [
      {
        "text": "Store this ",
        "userDefined": false
      },
      {
        "text": "location",
        "alias": "loc-syn",
        "meta": "@loc-syn",
        "userDefined": false
      },
      {
        "text": " as name",
        "userDefined": false
      }
    ],
    "isTemplate": false,
    "count": 0,
    "updated": 0
  },
  {
    "id": "f2f9d1d4-26da-4e69-9e22-cb8ae4498fe1",
    "data": [
      {
        "text": "Store my ",
        "userDefined": false
      },
      {
        "text": "location",
        "alias": "loc-syn",
        "meta": "@loc-syn",
        "userDefined": false
      },
      {
        "text": " as ",
        "userDefined": false
      },
      {
        "text": "name",
        "alias": "tempname",
        "meta": "@sys.any",
        "userDefined": true
      }
    ],
    "isTemplate": false,
    "count": 0,
    "updated": 0
  },
  {
    "id": "5a3fffa3-5674-495b-97a8-5ad4fb3b46ae",
    "data": [
      {
        "text": "Save my current ",
        "userDefined": false
      },
      {
        "text": "location",
        "alias": "loc-syn",
        "meta": "@loc-syn",
        "userDefined": true
      },
      {
        "text": " as ",
        "userDefined": false
      },
      {
        "text": "name",
        "alias": "tempname",
        "meta": "@sys.any",
        "userDefined": true
      },
      {
        "text": ".",
        "userDefined": false
      }
    ],
    "isTemplate": false,
    "count": 0,
    "updated": 0
  },
  {
    "id": "a3e0fbb0-b184-4340-8c75-a56d9ce19556",
    "data": [
      {
        "text": "Save this ",
        "userDefined": false
      },
      {
        "text": "location",
        "alias": "loc-syn",
        "meta": "@loc-syn",
        "userDefined": true
      },
      {
        "text": " as ",
        "userDefined": false
      },
      {
        "text": "name",
        "alias": "tempname",
        "meta": "@sys.any",
        "userDefined": true
      },
      {
        "text": ".",
        "userDefined": false
      }
    ],
    "isTemplate": false,
    "count": 0,
    "updated": 0
  },
  {
    "id": "2f5fdf67-7986-43bd-b204-02b3f3c86a0f",
    "data": [
      {
        "text": "Save my ",
        "userDefined": false
      },
      {
        "text": "location",
        "alias": "loc-syn",
        "meta": "@loc-syn",
        "userDefined": true
      },
      {
        "text": " as ",
        "userDefined": false
      },
      {
        "text": "name",
        "alias": "tempname",
        "meta": "@sys.any",
        "userDefined": true
      },
      {
        "text": ".",
        "userDefined": false
      }
    ],
    "isTemplate": false,
    "count": 0,
    "updated": 0
  }
]