[
  {
    "id": "dcc92235-ad3d-4190-bbfc-7f5ce03d0663",
    "data": [
      {
        "text": "save my current ",
        "userDefined": false
      },
      {
        "text": "location",
        "meta": "@sys.ignore",
        "userDefined": true
      }
    ],
    "isTemplate": false,
    "count": 1,
    "updated": 0
  },
  {
    "id": "c6f6c811-1ede-40a2-9f9e-6e7a7eb579c2",
    "data": [
      {
        "text": "save my ",
        "userDefined": false
      },
      {
        "text": "location",
        "meta": "@sys.ignore",
        "userDefined": true
      }
    ],
    "isTemplate": false,
    "count": 0,
    "updated": 0
  },
  {
    "id": "8acc7e06-d945-4c6c-abe1-9fdcc2ea5ace",
    "data": [
      {
        "text": "Save this ",
        "userDefined": false
      },
      {
        "text": "location",
        "alias": "loc-syn",
        "meta": "@loc-syn",
        "userDefined": true
      }
    ],
    "isTemplate": false,
    "count": 0,
    "updated": 0
  },
  {
    "id": "dbfea3a5-0c62-4f5f-bca3-0a59bd651d50",
    "data": [
      {
        "text": "store my ",
        "userDefined": false
      },
      {
        "text": "location",
        "alias": "loc-syn",
        "meta": "@loc-syn",
        "userDefined": false
      }
    ],
    "isTemplate": false,
    "count": 0,
    "updated": 0
  },
  {
    "id": "50409040-26ee-455a-923c-83263f3a3fa5",
    "data": [
      {
        "text": "store my current ",
        "userDefined": false
      },
      {
        "text": "location",
        "alias": "loc-syn",
        "meta": "@loc-syn",
        "userDefined": false
      }
    ],
    "isTemplate": false,
    "count": 0,
    "updated": 0
  },
  {
    "id": "50f981de-2085-48f2-9834-521b13affe01",
    "data": [
      {
        "text": "store this ",
        "userDefined": false
      },
      {
        "text": "location",
        "alias": "loc-syn",
        "meta": "@loc-syn",
        "userDefined": false
      }
    ],
    "isTemplate": false,
    "count": 1,
    "updated": 0
  }
]