[
  {
    "id": "50e9eef4-4e6c-4caf-a09c-95cde070cbfa",
    "data": [
      {
        "text": "trivia",
        "userDefined": false
      }
    ],
    "isTemplate": false,
    "count": 0,
    "updated": 0
  },
  {
    "id": "40048ef2-14c1-4ca1-a0e9-471e78f2eeb4",
    "data": [
      {
        "text": "general trivia",
        "userDefined": false
      }
    ],
    "isTemplate": false,
    "count": 0,
    "updated": 0
  },
  {
    "id": "d95938e1-22f7-40df-8172-553661d5417d",
    "data": [
      {
        "text": "who is your dad",
        "userDefined": false
      }
    ],
    "isTemplate": false,
    "count": 0,
    "updated": 0
  },
  {
    "id": "8f53f6b5-62f8-450e-8a32-03f05ffbf44c",
    "data": [
      {
        "text": "who made you",
        "userDefined": false
      }
    ],
    "isTemplate": false,
    "count": 0,
    "updated": 0
  },
  {
    "id": "19c255c5-8999-40e1-8835-1e4772352b45",
    "data": [
      {
        "text": "who is your father",
        "userDefined": false
      }
    ],
    "isTemplate": false,
    "count": 0,
    "updated": 0
  },
  {
    "id": "8411c8c4-2ec4-4afc-8935-603ecbd0dd40",
    "data": [
      {
        "text": "who created you",
        "userDefined": false
      }
    ],
    "isTemplate": false,
    "count": 0,
    "updated": 0
  }
]