[
  {
    "id": "49ab2fc9-b8ab-4828-bcec-1c7899e5e93c",
    "data": [
      {
        "text": "store my current ",
        "userDefined": false
      },
      {
        "text": "location",
        "meta": "@sys.ignore",
        "userDefined": false
      }
    ],
    "isTemplate": false,
    "count": 0,
    "updated": 0
  },
  {
    "id": "e4b13087-47f3-4f35-85bd-72d31c4d83ae",
    "data": [
      {
        "text": "add my current ",
        "userDefined": false
      },
      {
        "text": "location",
        "meta": "@sys.ignore",
        "userDefined": false
      }
    ],
    "isTemplate": false,
    "count": 0,
    "updated": 0
  },
  {
    "id": "bfde6f14-9bdb-4e8c-8c00-0b32ceca52ef",
    "data": [
      {
        "text": "add this ",
        "userDefined": false
      },
      {
        "text": "location",
        "meta": "@sys.ignore",
        "userDefined": false
      }
    ],
    "isTemplate": false,
    "count": 0,
    "updated": 0
  },
  {
    "id": "1e170602-90c0-4ea9-87e4-baa9001010b9",
    "data": [
      {
        "text": "store this ",
        "userDefined": false
      },
      {
        "text": "location",
        "meta": "@sys.ignore",
        "userDefined": false
      }
    ],
    "isTemplate": false,
    "count": 0,
    "updated": 0
  },
  {
    "id": "1356d81b-03bb-42dd-97a8-1adc76160708",
    "data": [
      {
        "text": "save my ",
        "userDefined": false
      },
      {
        "text": "location",
        "meta": "@sys.ignore",
        "userDefined": false
      }
    ],
    "isTemplate": false,
    "count": 0,
    "updated": 0
  },
  {
    "id": "3d35a5d0-87ce-4228-a96d-1b68833ab6f4",
    "data": [
      {
        "text": "save ",
        "userDefined": false
      },
      {
        "text": "location",
        "meta": "@sys.ignore",
        "userDefined": false
      }
    ],
    "isTemplate": false,
    "count": 0,
    "updated": 0
  },
  {
    "id": "a8e90ee1-5c0e-49ce-bca0-a98aa69cfd14",
    "data": [
      {
        "text": "save this ",
        "userDefined": false
      },
      {
        "text": "location",
        "meta": "@sys.ignore",
        "userDefined": false
      }
    ],
    "isTemplate": false,
    "count": 0,
    "updated": 0
  },
  {
    "id": "3e705ce7-36f9-4d80-8c8d-1e90be04ee19",
    "data": [
      {
        "text": "save my loc",
        "userDefined": false
      }
    ],
    "isTemplate": false,
    "count": 0,
    "updated": 0
  },
  {
    "id": "44c74043-3826-495b-893e-25feef49317f",
    "data": [
      {
        "text": "save my current ",
        "userDefined": false
      },
      {
        "text": "location",
        "meta": "@sys.ignore",
        "userDefined": false
      }
    ],
    "isTemplate": false,
    "count": 1,
    "updated": 0
  },
  {
    "id": "3aaa482a-ac15-44c6-9490-a9e71687577d",
    "data": [
      {
        "text": "save",
        "userDefined": false
      }
    ],
    "isTemplate": false,
    "count": 0,
    "updated": 0
  }
]