[
  {
    "id": "4fdbc09f-57a0-44e1-bcf1-9c4747a2fa39",
    "data": [
      {
        "text": "clear saved ",
        "userDefined": false
      },
      {
        "text": "locations",
        "alias": "loc-syn",
        "meta": "@loc-syn",
        "userDefined": false
      }
    ],
    "isTemplate": false,
    "count": 0,
    "updated": 0
  },
  {
    "id": "267c836f-70d2-4a73-9274-24130bec0b08",
    "data": [
      {
        "text": "clear all my saved ",
        "userDefined": false
      },
      {
        "text": "locations",
        "alias": "loc-syn",
        "meta": "@loc-syn",
        "userDefined": false
      }
    ],
    "isTemplate": false,
    "count": 0,
    "updated": 0
  },
  {
    "id": "7e0828a2-c6f6-41e7-8d6b-5117a4727132",
    "data": [
      {
        "text": "clear my saved ",
        "userDefined": false
      },
      {
        "text": "locations",
        "alias": "loc-syn",
        "meta": "@loc-syn",
        "userDefined": false
      }
    ],
    "isTemplate": false,
    "count": 0,
    "updated": 0
  },
  {
    "id": "157bc46b-3363-4a0e-8a4f-135836c648bb",
    "data": [
      {
        "text": "delete my saved ",
        "userDefined": false
      },
      {
        "text": "locations",
        "alias": "loc-syn",
        "meta": "@loc-syn",
        "userDefined": false
      }
    ],
    "isTemplate": false,
    "count": 0,
    "updated": 0
  },
  {
    "id": "faf04c20-ffd7-438e-a02a-d7d66ad4d4ef",
    "data": [
      {
        "text": "delete all my saved ",
        "userDefined": false
      },
      {
        "text": "locations",
        "alias": "loc-syn",
        "meta": "@loc-syn",
        "userDefined": false
      }
    ],
    "isTemplate": false,
    "count": 1,
    "updated": 0
  },
  {
    "id": "d1fb155b-f12b-4fb6-9e7a-7dacf6da2c7f",
    "data": [
      {
        "text": "delete",
        "userDefined": false
      }
    ],
    "isTemplate": false,
    "count": 0,
    "updated": 0
  }
]