[
  {
    "id": "f45d1238-851e-4e7a-bf68-b02cb8590c68",
    "data": [
      {
        "text": "help me",
        "userDefined": false
      }
    ],
    "isTemplate": false,
    "count": 0,
    "updated": 0
  },
  {
    "id": "9afe4b3d-0b9f-42a6-86e0-1b8579b842cc",
    "data": [
      {
        "text": "help?",
        "userDefined": false
      }
    ],
    "isTemplate": false,
    "count": 0,
    "updated": 0
  },
  {
    "id": "dd3dbf48-8304-4c21-8d20-a191f91f2b8e",
    "data": [
      {
        "text": "help",
        "userDefined": false
      }
    ],
    "isTemplate": false,
    "count": 0,
    "updated": 0
  },
  {
    "id": "f8bd3c12-580d-4238-9076-af89fa4f7f68",
    "data": [
      {
        "text": "help me?",
        "userDefined": false
      }
    ],
    "isTemplate": false,
    "count": 0,
    "updated": 0
  },
  {
    "id": "46025dfc-fd67-4830-8876-872e03de9efd",
    "data": [
      {
        "text": "what can you do?",
        "userDefined": false
      }
    ],
    "isTemplate": false,
    "count": 0,
    "updated": 0
  },
  {
    "id": "c8131abc-ffde-4918-8b3e-cfb97e3e54b2",
    "data": [
      {
        "text": "can you do anything?",
        "userDefined": false
      }
    ],
    "isTemplate": false,
    "count": 1,
    "updated": 0
  },
  {
    "id": "9aa9fac2-f5fe-4cc8-be5a-1bdc716c5067",
    "data": [
      {
        "text": "what are you helping me with?",
        "userDefined": false
      }
    ],
    "isTemplate": false,
    "count": 1,
    "updated": 0
  },
  {
    "id": "a8bd754a-7d99-449e-9c7e-dd38086eaa10",
    "data": [
      {
        "text": "what can you help me with?",
        "userDefined": false
      }
    ],
    "isTemplate": false,
    "count": 0,
    "updated": 0
  }
]