[
  {
    "id": "95409aaa-b1a4-4587-80a5-138c202d5ef0",
    "data": [
      {
        "text": "wake me up at ",
        "userDefined": false
      },
      {
        "text": "time",
        "alias": "time",
        "meta": "@sys.time",
        "userDefined": true
      }
    ],
    "isTemplate": false,
    "count": 0,
    "updated": 0
  },
  {
    "id": "eecf0c04-3c92-4897-912b-e416b29ce2ca",
    "data": [
      {
        "text": "wake me up",
        "userDefined": false
      }
    ],
    "isTemplate": false,
    "count": 0,
    "updated": 0
  },
  {
    "id": "aec4fc69-8c44-407e-b05b-6c6096fead5b",
    "data": [
      {
        "text": "set an alarm for ",
        "userDefined": false
      },
      {
        "text": "time",
        "alias": "time",
        "meta": "@sys.time",
        "userDefined": true
      }
    ],
    "isTemplate": false,
    "count": 1,
    "updated": 0
  },
  {
    "id": "7cac8908-867a-4cc5-a68a-99413d71ed33",
    "data": [
      {
        "text": "set an alarm",
        "userDefined": false
      }
    ],
    "isTemplate": false,
    "count": 0,
    "updated": 0
  },
  {
    "id": "6920cb61-514b-421c-b2fd-6151016e35c9",
    "data": [
      {
        "text": "calculate",
        "userDefined": false
      }
    ],
    "isTemplate": false,
    "count": 0,
    "updated": 0
  },
  {
    "id": "58ebccd4-a17f-4081-8d11-ebde44a66448",
    "data": [
      {
        "text": "how much is ",
        "userDefined": false
      },
      {
        "text": "n",
        "alias": "number",
        "meta": "@sys.number",
        "userDefined": true
      },
      {
        "text": " by ",
        "userDefined": false
      },
      {
        "text": "m",
        "alias": "number",
        "meta": "@sys.number",
        "userDefined": true
      }
    ],
    "isTemplate": false,
    "count": 0,
    "updated": 0
  },
  {
    "id": "ab14ce15-274c-482d-b59a-8bbfcea291f3",
    "data": [
      {
        "text": "how much is ",
        "userDefined": false
      },
      {
        "text": "n",
        "alias": "number",
        "meta": "@sys.number",
        "userDefined": true
      },
      {
        "text": " into ",
        "userDefined": false
      },
      {
        "text": "m",
        "alias": "number",
        "meta": "@sys.number",
        "userDefined": true
      }
    ],
    "isTemplate": false,
    "count": 0,
    "updated": 0
  },
  {
    "id": "64d1ee03-1cda-43ea-ad5b-a0e1e432b4ee",
    "data": [
      {
        "text": "how much is ",
        "userDefined": false
      },
      {
        "text": "n",
        "alias": "number",
        "meta": "@sys.number",
        "userDefined": true
      },
      {
        "text": " minus ",
        "userDefined": false
      },
      {
        "text": "m",
        "alias": "number",
        "meta": "@sys.number",
        "userDefined": true
      }
    ],
    "isTemplate": false,
    "count": 0,
    "updated": 0
  },
  {
    "id": "dd23ca29-ac11-45d5-a4b9-0b7a8d00b042",
    "data": [
      {
        "text": "how much is ",
        "userDefined": false
      },
      {
        "text": "n",
        "alias": "number",
        "meta": "@sys.number",
        "userDefined": true
      },
      {
        "text": " plus ",
        "userDefined": false
      },
      {
        "text": "m",
        "alias": "number",
        "meta": "@sys.number",
        "userDefined": true
      }
    ],
    "isTemplate": false,
    "count": 0,
    "updated": 0
  },
  {
    "id": "e6fc981d-2156-4359-bc56-c2ed2f8895d4",
    "data": [
      {
        "text": "fetch the ball",
        "userDefined": false
      }
    ],
    "isTemplate": false,
    "count": 0,
    "updated": 0
  },
  {
    "id": "c1650db1-1878-4e9b-8887-ff8aca284f88",
    "data": [
      {
        "text": "make me a coffee",
        "userDefined": false
      }
    ],
    "isTemplate": false,
    "count": 0,
    "updated": 0
  },
  {
    "id": "43dfa32a-b034-4f4e-903e-6fde52f3b25b",
    "data": [
      {
        "text": "make me coffee",
        "userDefined": false
      }
    ],
    "isTemplate": false,
    "count": 0,
    "updated": 0
  },
  {
    "id": "a18b5d09-e9af-401b-b0d3-9adc043a2195",
    "data": [
      {
        "text": "make me a sandwich",
        "userDefined": false
      }
    ],
    "isTemplate": false,
    "count": 0,
    "updated": 0
  }
]