[
  {
    "id": "0f8f418a-9b08-4e5f-859b-c0759ed9fc27",
    "data": [
      {
        "text": "not now",
        "userDefined": false
      }
    ],
    "isTemplate": false,
    "count": 0,
    "updated": 0
  },
  {
    "id": "5c0ef102-60c1-434e-82ab-4230e767cf47",
    "data": [
      {
        "text": "not right now",
        "userDefined": false
      }
    ],
    "isTemplate": false,
    "count": 0,
    "updated": 0
  },
  {
    "id": "92cef491-0c2d-407f-abcc-efbeb005a550",
    "data": [
      {
        "text": "i\u0027ll name it later",
        "userDefined": false
      }
    ],
    "isTemplate": false,
    "count": 0,
    "updated": 0
  },
  {
    "id": "782668db-d553-43d3-b599-c5d4ed2e9ff9",
    "data": [
      {
        "text": "save it without a name",
        "userDefined": false
      }
    ],
    "isTemplate": false,
    "count": 0,
    "updated": 0
  },
  {
    "id": "b3863b58-9f88-4a92-b705-150f63c88a5c",
    "data": [
      {
        "text": "save it just like that",
        "userDefined": false
      }
    ],
    "isTemplate": false,
    "count": 0,
    "updated": 0
  },
  {
    "id": "50692cda-798a-4bf0-9101-e8db7145c87d",
    "data": [
      {
        "text": "save it quickly without a name",
        "userDefined": false
      }
    ],
    "isTemplate": false,
    "count": 0,
    "updated": 0
  },
  {
    "id": "9c50075c-ac1e-4e59-a5c6-daa8bb78fec8",
    "data": [
      {
        "text": "save it quickly",
        "userDefined": false
      }
    ],
    "isTemplate": false,
    "count": 0,
    "updated": 0
  },
  {
    "id": "4ca521e0-a19e-4f1b-bc06-3612cbaccdee",
    "data": [
      {
        "text": "i\u0027m in a hurry",
        "userDefined": false
      }
    ],
    "isTemplate": false,
    "count": 0,
    "updated": 0
  },
  {
    "id": "cdc1466a-c91c-40c4-b480-db00050d034e",
    "data": [
      {
        "text": "save without a name",
        "userDefined": false
      }
    ],
    "isTemplate": false,
    "count": 0,
    "updated": 0
  },
  {
    "id": "9dbdb252-b643-403a-948c-f18d50843fb1",
    "data": [
      {
        "text": "don\u0027t name it now",
        "userDefined": false
      }
    ],
    "isTemplate": false,
    "count": 0,
    "updated": 0
  },
  {
    "id": "7ec3a5c0-8e5a-4dc5-9dbc-afb0753c8f47",
    "data": [
      {
        "text": "no name",
        "userDefined": false
      }
    ],
    "isTemplate": false,
    "count": 0,
    "updated": 0
  },
  {
    "id": "701f5c57-86b8-49a2-9ae9-e587736a9363",
    "data": [
      {
        "text": "maybe later",
        "userDefined": false
      }
    ],
    "isTemplate": false,
    "count": 0,
    "updated": 0
  },
  {
    "id": "53be344e-df32-4418-8667-67713a69f221",
    "data": [
      {
        "text": "i don\u0027t want to name it now",
        "userDefined": false
      }
    ],
    "isTemplate": false,
    "count": 0,
    "updated": 0
  }
]