[
  {
    "id": "26636da8-4d9f-4fa6-928a-56fb58662842",
    "data": [
      {
        "text": "show my ",
        "userDefined": false
      },
      {
        "text": "locations",
        "meta": "@sys.ignore",
        "userDefined": false
      }
    ],
    "isTemplate": false,
    "count": 0,
    "updated": 0
  },
  {
    "id": "574d6ac1-f1fd-4f87-b73e-ff5545181be3",
    "data": [
      {
        "text": "show saved ",
        "userDefined": false
      },
      {
        "text": "locations",
        "meta": "@sys.ignore",
        "userDefined": false
      }
    ],
    "isTemplate": false,
    "count": 0,
    "updated": 0
  },
  {
    "id": "49a5b5de-8a12-45d7-bbe5-84e96b566c0d",
    "data": [
      {
        "text": "view my ",
        "userDefined": false
      },
      {
        "text": "locations",
        "meta": "@sys.ignore",
        "userDefined": false
      }
    ],
    "isTemplate": false,
    "count": 1,
    "updated": 0
  },
  {
    "id": "00594cd1-5c0a-4220-9dbf-92fc6f2c1cf2",
    "data": [
      {
        "text": "view saved ",
        "userDefined": false
      },
      {
        "text": "locations",
        "meta": "@sys.ignore",
        "userDefined": false
      }
    ],
    "isTemplate": false,
    "count": 0,
    "updated": 0
  },
  {
    "id": "74e1bcea-283b-4b00-915d-92b5d5a99d09",
    "data": [
      {
        "text": "view saved",
        "userDefined": false
      }
    ],
    "isTemplate": false,
    "count": 0,
    "updated": 0
  },
  {
    "id": "dd74c1d9-a801-42a8-849c-b8d46d39225e",
    "data": [
      {
        "text": "display",
        "userDefined": false
      }
    ],
    "isTemplate": false,
    "count": 0,
    "updated": 0
  },
  {
    "id": "c9d5442a-178d-44da-a06e-7c0d9e1aee4a",
    "data": [
      {
        "text": "display ",
        "userDefined": false
      },
      {
        "text": "locations",
        "meta": "@sys.ignore",
        "userDefined": false
      }
    ],
    "isTemplate": false,
    "count": 0,
    "updated": 0
  },
  {
    "id": "c30c16ff-1e81-46d9-8d04-6b2b5faf0d44",
    "data": [
      {
        "text": "show",
        "userDefined": false
      }
    ],
    "isTemplate": false,
    "count": 1,
    "updated": 0
  },
  {
    "id": "02374ac7-719b-42ca-b910-d4f7e1b9e9c3",
    "data": [
      {
        "text": "View",
        "userDefined": false
      }
    ],
    "isTemplate": false,
    "count": 0,
    "updated": 0
  }
]